Id,0
Packets Sent,60000
Id,sw0,sw1,sw2,sw3,sw4,sw5,sw6,sw7,sw8
Packets Received,60000,59999,59999,59998,59998,59997,59997,59996,59996
Packets Dropped,0,0,0,0,0,0,0,0,0
Loss Rate,0.0,0.0,0.0,0.0,0.0,0.0,0.0,0.0,0.0
Average Buffer Occupancy,0.475936,0.426316,0.42487,0.43662,0.40873,0.468293,0.471616,0.403315,0.486911
Id,s0
Average Wait Time,0.0135
Bytes per Second,89992.5
Id,0
Packets Sent,60000
Id,sw0,sw1,sw2,sw3,sw4,sw5,sw6,sw7,sw8
Packets Received,60000,59999,59999,59998,59998,59997,59997,59996,59996
Packets Dropped,0,0,0,0,0,0,0,0,0
Loss Rate,0.0,0.0,0.0,0.0,0.0,0.0,0.0,0.0,0.0
Average Buffer Occupancy,0.475936,0.426316,0.42487,0.43662,0.40873,0.468293,0.471616,0.403315,0.486911
Id,s0
Average Wait Time,0.0135
Bytes per Second,89992.5
Id,0
Packets Sent,60000
Id,sw0,sw1,sw2,sw3,sw4,sw5,sw6,sw7,sw8
Packets Received,60000,59999,59999,59998,59998,59997,59997,59996,59996
Packets Dropped,0,0,0,0,0,0,0,0,0
Loss Rate,0.0,0.0,0.0,0.0,0.0,0.0,0.0,0.0,0.0
Average Buffer Occupancy,0.402116,0.456853,0.49115,0.414634,0.414634,0.432039,0.425641,0.488506,0.44086
Id,s0
Average Wait Time,0.0135
Bytes per Second,89992.5
